DATA;BP;CLIENTE;UF;MUNICIPIO;NF;CÓDIGO;PRODUTO;QTD;R$ UN VND;VALOR;LOTE;REP;CANAL;MOTIVO;OBS;TRATATIVA;ANALISTA
01/08/2025;75182;MHR TRANSPORTE E COMERCIO DE CONFECCOES LTDA;RS;SANTA MARIA;153512;904706;AQUARELA BAZZE 12 CORES CJTO;25;4,82;120,39;;MAX BREUEL E CIA LTDA;UNIDADE;DEFEITO;DERRETIMENTO;DEVOLUÇÃO;ANDREIA AGUIAR GARCIA GASPARONI
01/08/2025;65795;PAPERBLUE DISTRIBUIDORA DE EQUIPAMEE PAPELARIA LTDA;PB;JOAO PESSOA;127846;904645;GRAMP BAZZE HEAVY DUTY B5100 100F MET UN;1;34,32;34,32;;A E G REPRESENTACOES LTDA;UNIDADE;DEFEITO;NÃO ESTA GRAMPEANDO;ABATIMENTO;ADRIANO FALCAO SARMENTO
01/08/2025;68882;FRANCISCA DIAS DE ANDRADE RODRIGUES;PB;JOAO PESSOA;138000;905093;CANETA GEL TRIS RAINBOW 1.0 DP 24UN;5;3,84;19,2;;A E G REPRESENTACOES LTDA;DISPLAY;DEFEITO;CANETAS COM VAZAMENTO;ABATIMENTO;ADRIANO FALCAO SARMENTO
02/08/2025;75728;ROSELI GONCALVES FOTOCOPIAS;PR;CURITIBA;155682;909015;CANETA GEL APAGAVEL BAZZE 1.0MM DP24UN;1;84,36;84,36;;ETK REPRESENTACOES COMERCIAIS LTDA;DISPLAY;DEFEITO;CANETAS SECAS;ABATIMENTO;GABRIELA SOUZA DOS SANTOS
07/08/2025;76612;CASA MIX UTILIDADES DOMESTICAS BRINQUEDOS E PAPELARIA LTDA;PR;CURITIBA;123655;904706;AQUARELA BAZZE 12 CORES CJTO;4;4,54;18,16;;ETK REPRESENTACOES COMERCIAIS LTDA;UNIDADE;DEFEITO;DERRETIMENTO;ABATIMENTO;GABRIELA SOUZA DOS SANTOS
07/08/2025;76612;CASA MIX UTILIDADES DOMESTICAS BRINQUEDOS E PAPELARIA LTDA;PR;CURITIBA;119613;614564;PERF BAZZE 2 FUROS B6210 10F METAL PTOUN;1;5,9;5,9;;ETK REPRESENTACOES COMERCIAIS LTDA;UNIDADE;DEFEITO;NÃO FUNCIONA;ABATIMENTO;GABRIELA SOUZA DOS SANTOS
07/08/2025;35714;STILL INFORMATICA LTDA ME;SP;CAPIVARI;156002;911438;ESTILETE PLAST ARTOOLS CART 1UN;1;10;10;;M Y YAMAMOTO REPRESENTACAO;UNIDADE;DEFEITO;SEM DESCRIÇÃO;ABATIMENTO;FABIANA DOS SANTOS CHAVES
07/08/2025;73861;HIPER DIFERENTE ATACADO DE VARIEDADES LTDA;SC;BALNEARIO CAMBORIU;146017;904706;AQUARELA BAZZE 12 CORES CJTO;38;4,02;152,94;;SABRI RIBEIRO REPRESENTACOES E COME;UNIDADE;DEFEITO;DERRETIMENTO;DEVOLUÇÃO;GABRIELA SOUZA DOS SANTOS
11/08/2025;77586;MELANIA TEREZINHA CRUZ DE SOUZA;RS;VIAMAO;154344;904706;AQUARELA BAZZE 12 CORES CJTO;12;5,02;60,24;;MAX BREUEL E CIA LTDA;UNIDADE;DEFEITO;DERRETIMENTO;ABATIMENTO;ANDREIA AGUIAR GARCIA GASPARONI
11/08/2025;27090;FRANCISCA SILVANA PINTO;PB;JOAO PESSOA;;612751;GRAMP BAZZE MINI B5101 COR PLAST CX12UN;4;4,22;16,88;;A E G REPRESENTACOES LTDA;UNIDADE;DEFEITO;NÃO FUNCIONA;ABATIMENTO;ADRIANO FALCAO SARMENTO
11/08/2025;27090;FRANCISCA SILVANA PINTO;PB;JOAO PESSOA;;653235;CANETA GEL TRIS INKFINITY PASTEL BCO CX6;4;2,71;10,84;;A E G REPRESENTACOES LTDA;UNIDADE;DEFEITO;FALHA NA ESCRITA;ABATIMENTO;ADRIANO FALCAO SARMENTO
12/08/2025;58696;JOSE DA PURIFICACAO RODRIGUES ME;PE;AFRANIO;73277;684222;MASSA MODELAR SUPERSOFT 12 CORES CX;40;4,29;171,68;;MIGUEL TRAJANO REPRESENTACOES LTDA;UNIDADE;DEFEITO;MASSA FICOU RIGIDA;DEVOLUÇÃO;ADRIANO FALCAO SARMENTO
12/08/2025;58696;JOSE DA PURIFICACAO RODRIGUES ME;PE;AFRANIO;143426;905765;APONTADOR DEP DIVERTIDAMENTE  POTE 12UN;1;45,19;45,19;;MIGUEL TRAJANO REPRESENTACOES LTDA;UNIDADE;DEFEITO;ABERTURA PARA APONTAR AO CONTRARIO;DEVOLUÇÃO;ADRIANO FALCAO SARMENTO
14/08/2025;60621;JOAO JANUARIO VIEIRA ME;SC;JOINVILLE;131086;904706;AQUARELA BAZZE 12 CORES CJTO;12;4,74;;;SABRI RIBEIRO REPRESENTACOES E COME;UNIDADE;DEFEITO;DERRETIMENTO;ABATIMENTO;GABRIELA SOUZA DOS SANTOS
14/08/2025;60621;JOAO JANUARIO VIEIRA ME;SC;JOINVILLE;61951;618630;CALCULADORA MESA BAZZE B3440 CX 1UN;1;25,7;;;SABRI RIBEIRO REPRESENTACOES E COME;UNIDADE;DEFEITO;NÃO FUNCIONA;ABATIMENTO;GABRIELA SOUZA DOS SANTOS
14/08/2025;27606;TOQUE DE PAPEL LIVRARIA HOBBY E PINTURA LTDA;RJ;RIO DE JANEIRO;;905093;CANETA GEL TRIS RAINBOW 1.0 DP 24UN;63;;;;ZIGURATE REPRESENTACOES LTDA;UNIDADE;DEFEITO;CANETAS COM VAZAMENTO;ABATIMENTO;ANDREIA AGUIAR GARCIA GASPARONI
14/08/2025;27606;TOQUE DE PAPEL LIVRARIA HOBBY E PINTURA LTDA;RJ;RIO DE JANEIRO;;903365;LAPIS COR TRIS RAINBOW NEON POTE24UN;6;;;;ZIGURATE REPRESENTACOES LTDA;UNIDADE;DEFEITO;SEM MOTIVO;ABATIMENTO;ANDREIA AGUIAR GARCIA GASPARONI
15/08/2025;29661;PAPELARIA FRADELLI LTDA;MS;CAMPO GRANDE;156233;906670;CARIMBO AUTO DUPLO TRIS NECTAR DP 24UN;3;54,6;163,8;;REALSI REPRESENTACOES LTDA;DISPLAY;DEFEITO;ESPAÇAMENTO MAIOR QUE A EMBALAGEM;DEVOLUÇÃO;ANDREIA AGUIAR GARCIA GASPARONI
20/08/2025;62529;LANG BARRA PAPELARIA LTDA;RJ;RIO DE JANEIRO;141359;905093;CANETA GEL TRIS RAINBOW 1.0 DP 24UN;1;93,51;;;FBS REPRESENTACOES LTDA;DISPLAY;DEFEITO;CANETAS COM VAZAMENTO;SEM RETORNO;ANDREIA AGUIAR GARCIA GASPARONI
20/08/2025;75498;ASM PRESENTES LTDA;RS;TERRA DE AREIA;;905093;CANETA GEL TRIS RAINBOW 1.0 DP 24UN;96;4,61;442,56;;MAX BREUEL E CIA LTDA;DISPLAY;DEFEITO;CANETAS COM VAZAMENTO;BONIFICAÇÃO;ANDREIA AGUIAR GARCIA GASPARONI
20/08/2025;85824;MARIANA CUBEL CESAR SALDANHA;MS;CAMPO GRANDE;151260;905024;CANETA ESF TRIS ASTRO 1.0 10CORES DP12UN;9;11;99;;REALSI REPRESENTACOES LTDA;UNIDADE;DEFEITO;PROBLEMA NO SISTEMA RETRATIL NO TOPO DA CANETA;BONIFICAÇÃO;ANDREIA AGUIAR GARCIA GASPARONI
21/08/2025;75784;GB COMERCIO E SERVICOS LTDA;SP;SAO PAULO;158221;901705;LAPIS COR BAZZE WAVE REC SEXT 24COR CJTO;82;4,97;407,63;;WAGNER APARECIDO RAPOSO LTDA;UNIDADE;EXTRAVIADO;FALTA DE 2 LÁPIS POR CAIXA;SEM RETORNO;ANDREIA AGUIAR GARCIA GASPARONI
25/08/2025;66009;COMERCIAL PLANETA BLU LTDA;SC;BLUMENAU;140640;905093;CANETA GEL TRIS RAINBOW 1.0 DP 24UN;9;85,15;;;SABRI RIBEIRO REPRESENTACOES E COME;UNIDADE;DEFEITO;CANETAS COM VAZAMENTO;ABATIMENTO;GABRIELA SOUZA DOS SANTOS
25/08/2025;66009;COMERCIAL PLANETA BLU LTDA;SC;BLUMENAU;86145;681252;COLA BASTAO STICK ULTRA 40G SHRINK 6UN;7;29,2;;;SABRI RIBEIRO REPRESENTACOES E COME;UNIDADE;MOFADO;MOFADAS;ABATIMENTO;GABRIELA SOUZA DOS SANTOS
25/08/2025;35376;JVETEC INFORMATICA LTDA;SC;SAO LUDGERO;155048;613031;GRAMP BAZZE B5315 50F METAL UN;2;21,27;42,54;;SABRI RIBEIRO REPRESENTACOES E COME;UNIDADE;DEFEITO;TRAVAMENTO AO GRAMPEAR;ABATIMENTO;GABRIELA SOUZA DOS SANTOS
25/08/2025;85941;MONAYRA MATIAS OLIVEIRA;RJ;MARICA;157067;910745;COPO PLASTICO TRIS HOLIC SHAKE CX 1UN;4;19,44;77,76;;JJM REPRESENTACOES LTDA;UNIDADE;AVARIADO;PRODUTO TRINCADO;SEM RETORNO;ANDREIA AGUIAR GARCIA GASPARONI
25/08/2025;85941;MONAYRA MATIAS OLIVEIRA;RJ;MARICA;154234;908605;TINTA GUACHE TRIS 250ML VD POTE;30;4,45;133,38;;JJM REPRESENTACOES LTDA;UNIDADE;;SEM MOTIVO;SEM RETORNO;ANDREIA AGUIAR GARCIA GASPARONI
28/08/2025;80320;M. L. MIRANDA GOMES LTDA;CE;MASSAPE;;901385;CANETA ESF BAZZE PRISMA 1.0 AZ CX 50UN;30;20,18;605,4;;PAUTA REPRESENTACOES LTDA;CAIXA;DEFEITO;FALHA NA ESCRITA;BONIFICAÇÃO;ADRIANO FALCAO SARMENTO
28/08/2025;88166;V. S. RIBEIRO PESSANHA PAPELARIA LT;SP;UBATUBA;155876;910295;CANETA GEL TRIS ESPRESSO RET 0.5 DP 18UN;1;106,56;106,56;;REPRESENTACOES J C LEMOS LTDA;UNIDADE;DEFEITO;CANETAS COM VAZAMENTO;ABATIMENTO;FABIANA DOS SANTOS CHAVES
29/08/2025;35370;PAPEMIX PAPELARIA E PRESENTES LTDAME;PR;SAO JOSE DOS PINHAIS;158533;910745;COPO PLASTICO TRIS HOLIC SHAKE CX 1UN;2;19,98;39,96;;ETK REPRESENTACOES COMERCIAIS LTDA;UNIDADE;AVARIADO;PRODUTO TRINCADO;ABATIMENTO;GABRIELA SOUZA DOS SANTOS
29/08/2025;35370;PAPEMIX PAPELARIA E PRESENTES LTDAME;PR;SAO JOSE DOS PINHAIS;158533;910745;COPO PLASTICO TRIS HOLIC SHAKE CX 1UN;2;19,98;39,96;;ETK REPRESENTACOES COMERCIAIS LTDA;UNIDADE;AVARIADO;PRODUTO TRINCADO;ABATIMENTO;GABRIELA SOUZA DOS SANTOS
01/09/2025;77586;MELANIA TEREZINHA CRUZ DE SOUZA;RS;VIAMAO;158931;911278;KIT GEOMETRICO TRIS ESTOJO 7PCS;4;13,44;53,76;;MAX BREUEL E CIA LTDA;UNIDADE;AVARIADO;TAMPA DO ESTOJO QUEBRADAS;BONIFICAÇÃO;ANDREIA AGUIAR GARCIA GASPARONI
01/09/2025;73459;ZINGRA E ZINGRA ARAUJO LTDA;SP;MOGI GUACU;155530;683386;CANETA GEL TRIS INKFINITY PASTEL CART3UN;5,36;43;230,48;;M Y YAMAMOTO REPRESENTACAO;CARTELA;DEFEITO;FALHA NA ESCRITA;DEVOLUÇÃO;FABIANA DOS SANTOS CHAVES
03/09/2025;35714;STILL INFORMATICA LTDA ME;SP;CAPIVARI;159470;910219;APONTADOR DEP E BORR TRIS SODA DP16UN;1;128,48;128,48;;M Y YAMAMOTO REPRESENTACAO;UNIDADE;DEFEITO;PROBLEMA NA EMBALAGEM;ABATIMENTO;FABIANA DOS SANTOS CHAVES
04/09/2025;31594;BAZAR E PAPELARIA GRAFFITE LTDA;RS;SANTA CRUZ DO SUL;155038;614526;GRAMP BAZZE B5308 25F PLAST UN;1;6,1;6,1;;MAX BREUEL E CIA LTDA;UNIDADE;DEFEITO;NÃO ESTA GRAMPEANDO;ABATIMENTO;ANDREIA AGUIAR GARCIA GASPARONI
04/09/2025;31594;BAZAR E PAPELARIA GRAFFITE LTDA;RS;SANTA CRUZ DO SUL;77995;613024;GRAMP BAZZE B5314 40F METAL PTO UN;1;17,5;17,5;;MAX BREUEL E CIA LTDA;UNIDADE;DEFEITO;NÃO ESTA GRAMPEANDO;ABATIMENTO;ANDREIA AGUIAR GARCIA GASPARONI
04/09/2025;71697;CATARINA SAAD HENRIQUES;SC;SAO JOSE;159870;909558;LAPIS PTO CRISTAL MARIE PT 36UN;36;46,16;;;SABRI RIBEIRO REPRESENTACOES E COME;UNIDADE;DEFEITO;LAPIS COM EXCESSO DE COLA;ABATIMENTO;GABRIELA SOUZA DOS SANTOS
04/09/2025;69640;MAGIC PLACE PAPELARIA LTDA;SP;SAO PAULO;154375;906755;BORRACHA TRIS HOLIC MORANGO DP 24UN;6;96,06;576,36;;JYL REPRESENTACOES LTDA ME;UNIDADE;DEFEITO;SEM CHEIRO;DEVOLUÇÃO;FABIANA DOS SANTOS CHAVES
04/09/2025;77282;TRICOTAR AVIAMENTOS LAS E LINHAS LTDA;RS;NOVO HAMBURGO;139359;905093;CANETA GEL TRIS RAINBOW 1.0 DP 24UN;5;4,74;23,7;;MAX BREUEL E CIA LTDA;UNIDADE;DEFEITO;CANETAS COM VAZAMENTO;ABATIMENTO;ANDREIA AGUIAR GARCIA GASPARONI
05/09/2025;82027;SALAO NOVO BATEL LTDA;PR;CURITIBA;152178;906755;BORRACHA TRIS HOLIC MORANGO DP 24UN;13;4,11;53,47;;ETK REPRESENTACOES COMERCIAIS LTDA;UNIDADE;DEFEITO;SEM CHEIRO;SEM RETORNO;GABRIELA SOUZA DOS SANTOS
05/09/2025;70970;DISTRIBUIDORA ROQUE LTDA;CE;CRATO;;607221;HIDROCOR PF TRIS METALICA 6COR CJTO;10;16,16;161,6;;PAUTA REPRESENTACOES LTDA;UNIDADE;DEFEITO;FALHA NA ESCRITA;DEVOLUÇÃO;ADRIANO FALCAO SARMENTO
05/09/2025;70970;DISTRIBUIDORA ROQUE LTDA;CE;CRATO;;603261;LAPIS PTO COLLECTION FRUITS POTE72UN;5;14,62;73,1;;PAUTA REPRESENTACOES LTDA;UNIDADE;DEFEITO;FALHA NA ESCRITA;DEVOLUÇÃO;ADRIANO FALCAO SARMENTO
05/09/2025;70970;DISTRIBUIDORA ROQUE LTDA;CE;CRATO;;686448;GIZ RETRATIL FRUITS 8 CORES CJTO;6;15,39;92,34;;PAUTA REPRESENTACOES LTDA;UNIDADE;DEFEITO;DERRETIMENTO;DEVOLUÇÃO;ADRIANO FALCAO SARMENTO
06/09/2025;34363;PAPELARIA ESKEMA LTDA;PA;MARABA;129495;904706;AQUARELA BAZZE 12 CORES CJTO;5;4,49;22,43;;RBR PRIME SERV DE REPRESENTACAO COM;UNIDADE;DEFEITO;DERRETIMENTO;ABATIMENTO;FABIANA DOS SANTOS CHAVES
06/09/2025;34363;PAPELARIA ESKEMA LTDA;PA;MARABA;129495;618647;CALCULADORA MESA BAZZE B3562 CX 1UN;1;13,61;13,61;;RBR PRIME SERV DE REPRESENTACAO COM;UNIDADE;DEFEITO;SEM MOTIVO;ABATIMENTO;FABIANA DOS SANTOS CHAVES
08/09/2025;32797;PAPELARIA SANTA FE LTDA;MG;BETIM;146395;653235;CANETA GEL TRIS INKFINITY PASTEL BCO CX6;2;14,58;29,17;;JONATAS GOMES DE SOUZA;CAIXA;DEFEITO;FALHA NA ESCRITA;ABATIMENTO;ANDREIA AGUIAR GARCIA GASPARONI
08/09/2025;32479;BAZAR E PAPELARIA HILLESHEIN LTDA ME;SC;BIGUACU;156090;904706;AQUARELA BAZZE 12 CORES CJTO;12;5,12;61,47;;SABRI RIBEIRO REPRESENTACOES E COME;UNIDADE;DEFEITO;DERRETIMENTO;ABATIMENTO;GABRIELA SOUZA DOS SANTOS
08/09/2025;60493;FAA DA NOBREGA;CE;MAURITI;157411;910745;COPO PLASTICO TRIS HOLIC SHAKE CX 1UN;4;19,98;79,92;;PAUTA REPRESENTACOES LTDA;UNIDADE;DEFEITO;PRODUTO TRINCADO;ABATIMENTO;ADRIANO FALCAO SARMENTO
08/09/2025;70684;PAPELARIA ICOENSE LTDA;CE;ICO;155964;910745;COPO PLASTICO TRIS HOLIC SHAKE CX 1UN;1;19,98;19,98;;PAUTA REPRESENTACOES LTDA;UNIDADE;DEFEITO;PRODUTO TRINCADO;ABATIMENTO;ADRIANO FALCAO SARMENTO
09/09/2025;28406;ALEXANITA LTDA ME;AP;MACAPA;154606;902900;LAPIS GRAF BAZZE HB BORR SEXT CX 72UN;2;21,76;;;H M G COMERCIO E REPRESENTACAO LTDA;CAIXA;DEFEITO;BORRACHA AMARELADA;ABATIMENTO;ADRIANO FALCAO SARMENTO
09/09/2025;80407;DCM INFO LTDA;RS;CAPAO DA CANOA;;905093;CANETA GEL TRIS RAINBOW 1.0 DP 24UN;19;;;;MAX BREUEL E CIA LTDA;UNIDADE;DEFEITO;CANETAS COM VAZAMENTO;ABATIMENTO;ANDREIA AGUIAR GARCIA GASPARONI
10/09/2025;35650;CELSO LUIS BELON SERRA NEGRA EPP;SP;SERRA NEGRA;158620;911261;CALCULADORA BOLSO TRIS HOLIC ROSE CX 1UN;1;16,8;16,8;;M Y YAMAMOTO REPRESENTACAO;UNIDADE;DEFEITO;DIFEITO NO VISOR NUMERICO;ABATIMENTO;FABIANA DOS SANTOS CHAVES
10/09/2025;76239;HTC PAPELARIA E ARMARINHOS LTDA;SP;UBATUBA;;904188;LAPIS PTO PRINCESAS CRISTAL PT 36UN;72;;;;REPRESENTACOES J C LEMOS LTDA;UNIDADE;DEFEITO;CRISTAL DA PONTA DESCOLANDO;DEVOLUÇÃO;FABIANA DOS SANTOS CHAVES
10/09/2025;76239;HTC PAPELARIA E ARMARINHOS LTDA;SP;UBATUBA;;900678;CANETA BORRACHA TRIS HOLIC DP 12UN;1;;;;REPRESENTACOES J C LEMOS LTDA;UNIDADE;AVARIADO;TAMPA TRINCADA;DEVOLUÇÃO;FABIANA DOS SANTOS CHAVES
10/09/2025;76239;HTC PAPELARIA E ARMARINHOS LTDA;SP;UBATUBA;;609768;APONTADOR DEP BARBIE PT 12UN;1;;;;REPRESENTACOES J C LEMOS LTDA;UNIDADE;DEFEITO;LAMINA DESCOLANDO DA BASE;DEVOLUÇÃO;FABIANA DOS SANTOS CHAVES
10/09/2025;76239;HTC PAPELARIA E ARMARINHOS LTDA;SP;UBATUBA;;612805;GRAMP MINI TRIS HOLIC T312 CX12UN;1;;;;REPRESENTACOES J C LEMOS LTDA;UNIDADE;DEFEITO;NÃO ESTA GRAMPEANDO;DEVOLUÇÃO;FABIANA DOS SANTOS CHAVES
10/09/2025;76239;HTC PAPELARIA E ARMARINHOS LTDA;SP;UBATUBA;;601496;MARCADOR METAL ARTOOLS PTADUPLA AZ AV;10;;;;REPRESENTACOES J C LEMOS LTDA;UNIDADE;DEFEITO;PONTAS SECAS;DEVOLUÇÃO;FABIANA DOS SANTOS CHAVES
10/09/2025;76239;HTC PAPELARIA E ARMARINHOS LTDA;SP;UBATUBA;;904706;AQUARELA BAZZE 12 CORES CJTO;6;;;;REPRESENTACOES J C LEMOS LTDA;UNIDADE;DEFEITO;DERRETIMENTO;DEVOLUÇÃO;FABIANA DOS SANTOS CHAVES
10/09/2025;80407;DCM INFO LTDA;RS;CAPAO DA CANOA;905093;905093;CANETA GEL TRIS RAINBOW 1.0 DP 24UN;1;94,76;94,76;;MAX BREUEL E CIA LTDA;UNIDADE;DEFEITO;CANETAS COM VAZAMENTO;ABATIMENTO;ANDREIA AGUIAR GARCIA GASPARONI
11/09/2025;69085;ANTONIO DENIS ALVES;CE;JUAZEIRO DO NORTE;;901385;CANETA ESF BAZZE PRISMA 1.0 AZ CX 50UN;3;20,18;60,54;;PAUTA REPRESENTACOES LTDA;UNIDADE;EXTRAVIADO;FALTA INTERNA DE 3 CANETAS;ABATIMENTO;ADRIANO FALCAO SARMENTO
11/09/2025;86062;GRAFICA MALU LTDA;MG;MATEUS LEME;151898;901057;BINDER CLIPS TECIDO TRIS HOLIC CART 4UN;3;3,84;11,52;;JONATAS GOMES DE SOUZA;CARTELA;DEFEITO;FERRUGEM NOS PRENDEDORES;ABATIMENTO;ANDREIA AGUIAR GARCIA GASPARONI
11/09/2025;67132;RAX COMERCIO DE PRESENTES E UTILIDALTDA;MG;PARA DE MINAS;160068;908582;TINTA GUACHE TRIS 250ML AM POTE;3;4,26;12,78;;JONATAS GOMES DE SOUZA;UNIDADE;DEFEITO;TUBO VEIO SEM A TAMPA;ABATIMENTO;ANDREIA AGUIAR GARCIA GASPARONI
11/09/2025;73975;A Z CIUPKA TRES ESTRELAS PAPELARIA E BRINQUEDOS;SC;PAPANDUVA;90699;612881;MARCA TEXTO TRIS FLASH GLIT POTE 24UN;62;125,16;;;SABRI RIBEIRO REPRESENTACOES E COME;UNIDADE;DEFEITO;PONTAS SECAS;DEVOLUÇÃO;GABRIELA SOUZA DOS SANTOS
12/09/2025;71242;A2 VARIEDADES LTDA;BA;SALVADOR;154055;904706;AQUARELA BAZZE 12 CORES CJTO;96;4,94;474,37;;CRISTIANE RODEIRO SCHLEU;UNIDADE;DEFEITO;DERRETIMENTO;SEM RETORNO;ANDREIA AGUIAR GARCIA GASPARONI
12/09/2025;66647;TOT PAPELARIA LTDA;RS;CACHOEIRINHA;111389;903082;CANETA BORRACHA TRIS PLAY DP 24UN;1;108;108;;CLARISSA DIAS DE SOUZA;DISPLAY;DEFEITO;PRECIONANDO A BORRACHA, ELA RETORNA PARA DENTRO DA BASE;ABATIMENTO;CLARISSA DIAS DE SOUZA
12/09/2025;66647;TOT PAPELARIA LTDA;RS;CACHOEIRINHA;140308;905093;CANETA GEL TRIS RAINBOW 1.0 DP 24UN;1;96,06;96,06;;CLARISSA DIAS DE SOUZA;DISPLAY;DEFEITO;CANETAS COM VAZAMENTO;ABATIMENTO;CLARISSA DIAS DE SOUZA
12/09/2025;66647;TOT PAPELARIA LTDA;RS;CACHOEIRINHA;153027;608037;COLA BASTAO BAZZE 10G SHRK 12UN;1;1,08;1,08;;CLARISSA DIAS DE SOUZA;UNIDADE;DEFEITO;COLA NÃO ESTA COLANDO;ABATIMENTO;CLARISSA DIAS DE SOUZA
12/09/2025;78484;OLIPOP PAPELARIA CRIATIVA LTDA;SP;VINHEDO;159932;906755;BORRACHA TRIS HOLIC MORANGO DP 24UN;1;97,39;97,39;;M Y YAMAMOTO REPRESENTACAO;UNIDADE;DEFEITO;SEM CHEIRO;ABATIMENTO;FABIANA DOS SANTOS CHAVES
15/09/2025;66750;C. M. B. FERREIRA ALVES;MG;JOAO MONLEVADE;135910;905017;CANETA ROLLER TRIS ENERGY 0.5 DP 30UN;1;134,65;134,65;;GYZ AM COMERCIO E REPRES DE ARTIGOS;UNIDADE;DEFEITO;FALHA NA ESCRITA;SEM RETORNO;ANDREIA AGUIAR GARCIA GASPARONI
15/09/2025;69426;LIVRARIA JAQUEIRA LTDA;PE;RECIFE;158611;910745;COPO PLASTICO TRIS HOLIC SHAKE CX 1UN;2;19,44;38,88;;MIGUEL TRAJANO REPRESENTACOES LTDA;UNIDADE;DEFEITO;PRODUTO TRINCADO;ABATIMENTO;ADRIANO FALCAO SARMENTO
16/09/2025;73258;R J C COMERCIAL E ACESSORIOS A ESCOLAR LTDA;SP;NOVA ODESSA;157912;910745;COPO PLASTICO TRIS HOLIC SHAKE CX 1UN;1;19,71;19,71;;M Y YAMAMOTO REPRESENTACAO;UNIDADE;DEFEITO;PRODUTO TRINCADO;ABATIMENTO;FABIANA DOS SANTOS CHAVES
17/09/2025;64966;DISTRIBUIDORA GLOBO LTDA ME;SE;ARACAJU;157396;909015;CANETA GEL APAGAVEL BAZZE 1.0MM DP24UN;5;71,48;;;W LIRA REPRESENTACOES EIRELI;UNIDADE;DEFEITO;FALHA NA ESCRITA;ABATIMENTO;ADRIANO FALCAO SARMENTO
18/09/2025;58925;M G SEGURA NETO ME;SP;TEODORO SAMPAIO;160705;905093;CANETA GEL TRIS RAINBOW 1.0 DP 24UN;6;96,06;;;M I R REPRESENTACAO COMERCIAL EM AR;UNIDADE;DEFEITO;CANETAS COM VAZAMENTO;ABATIMENTO;FABIANA DOS SANTOS CHAVES
18/09/2025;74100;ELOIM JOSE BRIAO LOPES JUNIOR;PR;PARANAGUA;162368;910622;BORRACHA TRIS HOLIC COELHO DP 18X3UN;1;44,02;44,02;;ETK REPRESENTACOES COMERCIAIS LTDA;UNIDADE;DEFEITO;LAPIS COM EXCESSO DE COLA;ABATIMENTO;GABRIELA SOUZA DOS SANTOS
18/09/2025;74100;ELOIM JOSE BRIAO LOPES JUNIOR;PR;PARANAGUA;140070;904706;AQUARELA BAZZE 12 CORES CJTO;3;4,74;14,22;;ETK REPRESENTACOES COMERCIAIS LTDA;UNIDADE;DEFEITO;DERRETIMENTO;ABATIMENTO;GABRIELA SOUZA DOS SANTOS
18/09/2025;70248;MHS COMERCIAL DE UTILIDADESDOMESTICA LTDA;PR;CURITIBA;160738;910745;COPO PLASTICO TRIS HOLIC SHAKE CX 1UN;3;18,98;56,94;;ETK REPRESENTACOES COMERCIAIS LTDA;UNIDADE;DEFEITO;PRODUTO TRINCADO;ABATIMENTO;GABRIELA SOUZA DOS SANTOS
18/09/2025;67482;PAPEL INFOR LTDA;MG;SAO FRANCISCO;124095;904706;AQUARELA BAZZE 12 CORES CJTO;26;5,35;138,89;;TALENT REPRESENTACOES LTDA;UNIDADE;DEFEITO;DERRETIMENTO;SEM RETORNO;ADRIANO FALCAO SARMENTO
19/09/2025;73074;PENSEI PRESENTES E PAPELARIA CRIATIVA LTDA;SP;INDAIATUBA;161329;910691;BORRACHA TRIS HOLIC PULSEIRA DP12UN;1;131,4;131,4;;M Y YAMAMOTO REPRESENTACAO;UNIDADE;DEFEITO;BORRACHA MANCHANDO O PAPEL;SEM RETORNO;FABIANA DOS SANTOS CHAVES
19/09/2025;80261;MICHAEL GOMES MARTINS DE SOUZA;PB;LAGOA SECA;128278;904706;AQUARELA BAZZE 12 CORES CJTO;28;3,78;105,84;;A E G REPRESENTACOES LTDA;UNIDADE;DEFEITO;DERRETIMENTO;ABATIMENTO;ADRIANO FALCAO SARMENTO
22/09/2025;59998;MODERNA PAPELARIA E MOVEIS PARAESCRITORIO EIRELI;SP;CRUZEIRO;127904;901217;CANETA ESF TRIS SLIDE FANCY 1.0 PT 50UN;20;56,52;;;REPRESENTACOES J C LEMOS LTDA;UNIDADE;DEFEITO;FALHA NA ESCRITA;ABATIMENTO;FABIANA DOS SANTOS CHAVES
22/09/2025;73975;A Z CIUPKA TRES ESTRELAS PAPELARIA E BRINQUEDOS;SC;PAPANDUVA;159637;685496;FITA CORR TRIS T012 12 METROS CART 1 UN;36;8,54;;;SABRI RIBEIRO REPRESENTACOES E COME;CARTELA;MOFADO;CARTELAS COM MOFO;DEVOLUÇÃO;GABRIELA SOUZA DOS SANTOS
24/09/2025;73953;PAPELARIA E BRINQUEDOS FANTASIA LTDA;PR;CURITIBA;146146;905093;CANETA GEL TRIS RAINBOW 1.0 DP 24UN;8;3,84;30,75;;ETK REPRESENTACOES COMERCIAIS LTDA;UNIDADE;DEFEITO;CANETAS SECAS;ABATIMENTO;GABRIELA SOUZA DOS SANTOS
24/09/2025;73953;PAPELARIA E BRINQUEDOS FANTASIA LTDA;PR;CURITIBA;89356;683263;CANETA GEL TRIS INKFINITY METPAST DP50UN;16;2,52;40,3;;ETK REPRESENTACOES COMERCIAIS LTDA;UNIDADE;DEFEITO;CANETAS SECAS;ABATIMENTO;GABRIELA SOUZA DOS SANTOS
25/09/2025;26948;EMBALAGENS TRES IRMAOS LTDA;SC;BLUMENAU;131962;904706;AQUARELA BAZZE 12 CORES CJTO;9;4,64;;;SABRI RIBEIRO REPRESENTACOES E COME;UNIDADE;DEFEITO;DERRETIMENTO;ABATIMENTO;GABRIELA SOUZA DOS SANTOS
25/09/2025;74939;PAPELARIA GRADIM 2093 LTDA;RJ;SAO GONCALO;141968;905093;CANETA GEL TRIS RAINBOW 1.0 DP 24UN;3;89,77;269,31;;JJM REPRESENTACOES LTDA;DISPLAY;DEFEITO;CANETAS COM VAZAMENTO;SEM RETORNO;ANDREIA AGUIAR GARCIA GASPARONI
25/09/2025;33390;PAPELARIA MEIA PRAIA COMERCIO E REPRESENTACOES LTDA ME;SC;ITAPEMA;158747;904706;AQUARELA BAZZE 12 CORES CJTO;4;5,12;;;SABRI RIBEIRO REPRESENTACOES E COME;UNIDADE;DEFEITO;DERRETIMENTO;SEM RETORNO;GABRIELA SOUZA DOS SANTOS
25/09/2025;67588;SILVEIRA COMERCIO DE PAPEL BRINQUEDOS E MATERIAL DE ESPORTES LTDA;SC;PALHOCA;123264;904706;AQUARELA BAZZE 12 CORES CJTO;4;4,66;;;SABRI RIBEIRO REPRESENTACOES E COME;UNIDADE;DEFEITO;DERRETIMENTO;ABATIMENTO;GABRIELA SOUZA DOS SANTOS
26/09/2025;27501;VOGEL E CIA LTDA EPP;PR;UNIAO DA VITORIA;128551;904706;AQUARELA BAZZE 12 CORES CJTO;14;4,49;62,8;;ETK REPRESENTACOES COMERCIAIS LTDA;UNIDADE;DEFEITO;DERRETIMENTO;ABATIMENTO;GABRIELA SOUZA DOS SANTOS
26/09/2025;70459;SANPEN PAPELARIA E VARIEDADES E COMMERCE LTDA;SP;SAO PAULO;115495;900067;CARBONO FILME BAZZE A4 AZ CX 100 FLS;15;38,69;580,28;;XAVIER REPRESENTACOES S C LTDA;CAIXA;DEFEITO;FALHA NO PONTO DA MARCA D'AGUA;DEVOLUÇÃO;ADRIANO FALCAO SARMENTO
29/09/2025;31109;MARIA DO CARMO SANTOS PEREIRA PAPELME;PB;JOAO PESSOA;125003;904706;AQUARELA BAZZE 12 CORES CJTO;4;4,37;17,48;;A E G REPRESENTACOES LTDA;UNIDADE;DEFEITO;DERRETIMENTO;ABATIMENTO;ADRIANO FALCAO SARMENTO
29/09/2025;72395;LMZ COMERCIO DE ARTIGOS PARA ESCRITORIO LTDA;MS;CAMPO GRANDE;156819;613000;GRAMP BAZZE B5945M 25F METAL UN;1;6,42;6,42;;REALSI REPRESENTACOES LTDA;UNIDADE;DEFEITO;NÃO ESTA GRAMPEANDO;DEVOLUÇÃO;ANDREIA AGUIAR GARCIA GASPARONI
29/09/2025;72395;LMZ COMERCIO DE ARTIGOS PARA ESCRITORIO LTDA;MS;CAMPO GRANDE;156819;613024;GRAMP BAZZE B5314 40F METAL PTO UN;1;14,86;14,86;;REALSI REPRESENTACOES LTDA;UNIDADE;DEFEITO;NÃO ESTA GRAMPEANDO;DEVOLUÇÃO;ANDREIA AGUIAR GARCIA GASPARONI
29/09/2025;72395;LMZ COMERCIO DE ARTIGOS PARA ESCRITORIO LTDA;MS;CAMPO GRANDE;155509;904645;GRAMP BAZZE HEAVY DUTY B5100 100F MET UN;1;35,85;35,85;;REALSI REPRESENTACOES LTDA;UNIDADE;DEFEITO;NÃO ESTA GRAMPEANDO;DEVOLUÇÃO;ANDREIA AGUIAR GARCIA GASPARONI
29/09/2025;72395;LMZ COMERCIO DE ARTIGOS PARA ESCRITORIO LTDA;MS;CAMPO GRANDE;162020;618647;CALCULADORA MESA BAZZE B3562 CX 1UN;1;11,94;11,94;;REALSI REPRESENTACOES LTDA;UNIDADE;DEFEITO;NÃO LIGA;DEVOLUÇÃO;ANDREIA AGUIAR GARCIA GASPARONI
29/09/2025;27703;M R NEGRAO PAPELARIA EPP;SP;AVARE;156618;678252;LAPIS COR MEGA SOFTCOLOR 24COR CJTO;1;13,08;13,08;;PINHEIRO REPRESENTACOES COMERCIAIS;UNIDADE;DEFEITO;LAPIS QUEBRADOS;ABATIMENTO;GABRIELA SOUZA DOS SANTOS
29/09/2025;27703;M R NEGRAO PAPELARIA EPP;SP;AVARE;148939;901057;BINDER CLIPS TECIDO TRIS HOLIC CART 4UN;3;5,48;16,44;;PINHEIRO REPRESENTACOES COMERCIAIS;UNIDADE;DEFEITO;FERRUGEM NOS PRENDEDORES;ABATIMENTO;GABRIELA SOUZA DOS SANTOS
30/09/2025;35197;LOJA CRISTIANTEX LTDA;SP;SANTA BARBARA D OESTE;163001;910585;BORRACHA TRIS HOLIC SUCO DP 24UN;8;3,65;29,2;;M Y YAMAMOTO REPRESENTACAO;UNIDADE;DEFEITO;TAMPA DEFORMADA;ABATIMENTO;FABIANA DOS SANTOS CHAVES
10/01/2025;59917;I G MACHADO DE OLIVEIRA ME;RS;RIO GRANDE;130251;904706;AQUARELA BAZZE 12 CORES CJTO;6;4,61;27,66;;MAX BREUEL E CIA LTDA;UNIDADE;DEFEITO;DERRETIMENTO;ABATIMENTO;ANDREIA AGUIAR GARCIA GASPARONI
16/01/2025;79413;ATACADO DO THOR UTILIDADES LTDA;ES;VILA VELHA;140879;904706;AQUARELA BAZZE 12 CORES CJTO;173;3,76;650,83;;ISAMAR REPRESENTACOES COMERCIAIS LT;UNIDADE;DEFEITO;DERRETIMENTO;DEVOLUÇÃO;ANDREIA AGUIAR GARCIA GASPARONI
20/01/2025;67789;DONATO MUCIO E SOUZA LTDA;PR;MARINGA;124334;904706;AQUARELA BAZZE 12 CORES CJTO;26;3,61;93,89;;NILO FARIA REPRESENTACOES COMERCIAI;UNIDADE;DEFEITO;DERRETIMENTO;DEVOLUÇÃO;ANDREIA AGUIAR GARCIA GASPARONI
02/01/2025;76648;CAROLINE DA SILVA RAMOS;RJ;CABO FRIO;135731;904706;AQUARELA BAZZE 12 CORES CJTO;6;4,74;28,41;;WALEX SERVICOS EMPRESARIAIS EIRELI;;;;SEM RETORNO;ANDREIA AGUIAR GARCIA GASPARONI
02/01/2025;76648;CAROLINE DA SILVA RAMOS;RJ;CABO FRIO;135731;613031;GRAMP BAZZE B5315 50F METAL UN;2;19,75;39,49;;WALEX SERVICOS EMPRESARIAIS EIRELI;;;;SEM RETORNO;ANDREIA AGUIAR GARCIA GASPARONI
21/01/2025;60564;CIPRIANI PAPEIS LTDA;SC;RIO DOS CEDROS;130430;904706;AQUARELA BAZZE 12 CORES CJTO;9;4,84;43,53;;SABRI RIBEIRO REPRESENTACOES E COME;UNIDADE;DEFEITO;DERRETIMENTO;DEVOLUÇÃO;GABRIELA SOUZA DOS SANTOS
24/01/2025;82450;SUPERMAIS DISTRIBUIDORA LTDA;RR;BOA VISTA;140445;904706;AQUARELA BAZZE 12 CORES CJTO;10;4,11;41,07;;C O LOUZADA ME;UNIDADE;DEFEITO;DERRETIMENTO;SEM RETORNO;FABIANA DOS SANTOS CHAVES
24/01/2025;33824;INTERLIG PAPELARIA E INFORMATICA LTDA;PR;CURITIBA;124730;904706;AQUARELA BAZZE 12 CORES CJTO;87;4,34;377,22;;ETK REPRESENTACOES COMERCIAIS LTDA;UNIDADE;DEFEITO;DERRETIMENTO;SEM RETORNO;GABRIELA SOUZA DOS SANTOS
06/01/2025;35293;PAPEETE COMERCIO LTDA EPP;PR;PARANAGUA;129755;904706;AQUARELA BAZZE 12 CORES CJTO;11;4,61;50,71;;ETK REPRESENTACOES COMERCIAIS LTDA;UNIDADE;DEFEITO;DERRETIMENTO;ABATIMENTO;GABRIELA SOUZA DOS SANTOS
30/01/2025;71242;A2 VARIEDADES LTDA;BA;SALVADOR;125291;904706;AQUARELA BAZZE 12 CORES CJTO;29;4,71;136,59;;CRISTIANE RODEIRO SCHLEU;UNIDADE;DEFEITO;DERRETIMENTO;DEVOLUÇÃO;ANDREIA AGUIAR GARCIA GASPARONI
20/01/2025;71869;ARTLIONS FESTAS E DECORACOES LTDA;SP;TABOAO DA SERRA;139376;904706;AQUARELA BAZZE 12 CORES CJTO;9;4,49;40,37;;JACSON BOMFIM DOS SANTOS BARBOSA;UNIDADE;DEFEITO;DERRETIMENTO;ABATIMENTO;FABIANA DOS SANTOS CHAVES
24/01/2025;64086;LOJA UM E NOVENTA E CINCO LTDA EPP;SC;GUARAMIRIM;;904706;AQUARELA BAZZE 12 CORES CJTO;70;4,85;339,5;;SABRI RIBEIRO REPRESENTACOES E COME;UNIDADE;DEFEITO;DERRETIMENTO;ABATIMENTO;GABRIELA SOUZA DOS SANTOS
16/01/2025;74543;TRS ARRUDA LTDA;SP;BERTIOGA;138819;904706;AQUARELA BAZZE 12 CORES CJTO;24;4,78;114,72;;BRASILIA E SANTOS REP COM DE ARTIGO;UNIDADE;DEFEITO;DERRETIMENTO;ABATIMENTO;ADRIANO FALCAO SARMENTO
19/01/2025;63057;ELIANE VIEIRA LOPES DOS SANTOS ME;SP;SANTOS;132255;904706;AQUARELA BAZZE 12 CORES CJTO;12;4,78;57,36;;BRASILIA E SANTOS REP COM DE ARTIGO;UNIDADE;DEFEITO;DERRETIMENTO;ABATIMENTO;ADRIANO FALCAO SARMENTO
19/01/2025;80363;ESKINAO - UTLIDADES, MOVEIS E DECORLTDA;SP;GUARUJA;130082;904706;AQUARELA BAZZE 12 CORES CJTO;24;4,78;114,72;;BRASILIA E SANTOS REP COM DE ARTIGO;UNIDADE;DEFEITO;DERRETIMENTO;ABATIMENTO;ADRIANO FALCAO SARMENTO
21/01/2025;60414;MARIA CRISTINA DE JESUS QUELHAS RIBME;SP;SANTOS;141402;904706;AQUARELA BAZZE 12 CORES CJTO;6;4,78;28,68;;BRASILIA E SANTOS REP COM DE ARTIGO;UNIDADE;DEFEITO;DERRETIMENTO;ABATIMENTO;ADRIANO FALCAO SARMENTO
31/01/2025;67200;P V J SANTOS COMERCIO EIRELI ME;SP;BERTIOGA;;904706;AQUARELA BAZZE 12 CORES CJTO;24;4,78;114,72;;BRASILIA E SANTOS REP COM DE ARTIGO;UNIDADE;DEFEITO;DERRETIMENTO;ABATIMENTO;ADRIANO FALCAO SARMENTO
24/01/2025;32414;MARIA HELENA TRESSMANN MUTZ;ES;SERRA;126973;904706;AQUARELA BAZZE 12 CORES CJTO;3;5,03;15,09;;ISAMAR REPRESENTACOES COMERCIAIS LT;UNIDADE;DEFEITO;DERRETIMENTO;ABATIMENTO;ANDREIA AGUIAR GARCIA GASPARONI
11/02/2025;31120;LIVRARIA CULTURAL DA MENTE SANTAMARIENSE LTDA;RS;SANTA MARIA;125808;905130;CANETA ESF TRIS BOO 0.7 10CORES DP15UN;1;15,54;15,54;;MAX BREUEL E CIA LTDA;UNIDADE;DEFEITO;NÃO INFORMADO;ABATIMENTO;ANDREIA AGUIAR GARCIA GASPARONI
11/02/2025;31120;LIVRARIA CULTURAL DA MENTE SANTAMARIENSE LTDA;RS;SANTA MARIA;125808;904706;AQUARELA BAZZE 12 CORES CJTO;12;4,44;53,28;;MAX BREUEL E CIA LTDA;UNIDADE;DEFEITO;DERRETIMENTO;ABATIMENTO;ANDREIA AGUIAR GARCIA GASPARONI
11/02/2025;31120;LIVRARIA CULTURAL DA MENTE SANTAMARIENSE LTDA;RS;SANTA MARIA;125808;653402;CANETA ESF BAZZE SIX AZ CX 50UN;3;0,33;0,99;;MAX BREUEL E CIA LTDA;UNIDADE;DEFEITO;NÃO INFORMADO;ABATIMENTO;ANDREIA AGUIAR GARCIA GASPARONI
11/02/2025;31120;LIVRARIA CULTURAL DA MENTE SANTAMARIENSE LTDA;RS;SANTA MARIA;121283;606002;LAPISEIRA TRIS HOLIC FANCY 0.7MM DP18UN;1;8,01;8,01;;MAX BREUEL E CIA LTDA;UNIDADE;DEFEITO;NÃO INFORMADO;ABATIMENTO;ANDREIA AGUIAR GARCIA GASPARONI
11/02/2025;31120;LIVRARIA CULTURAL DA MENTE SANTAMARIENSE LTDA;RS;SANTA MARIA;91641;653235;CANETA GEL TRIS INKFINITY PASTEL BCO CX6;1;16,12;16,12;;MAX BREUEL E CIA LTDA;UNIDADE;DEFEITO;FALHA NA ESCRITA;ABATIMENTO;ANDREIA AGUIAR GARCIA GASPARONI
10/02/2025;73637;CANTINHO DA SIL COMERCIO DE ROUPAS E UTILIDADES LTDA;RS;BENTO GONCALVES;;904706;AQUARELA BAZZE 12 CORES CJTO;21;;;;MAX BREUEL E CIA LTDA;UNIDADE;DEFEITO;DERRETIMENTO;BONIFICAÇÃO;ANDREIA AGUIAR GARCIA GASPARONI
21/02/2025;75638;PLANET INFORGRAFICA PAPELARIA LTDA;CE;FORTALEZA;133373;904706;AQUARELA BAZZE 12 CORES CJTO;12;4,31;51,68;;PAUTA REPRESENTACOES LTDA;UNIDADE;DEFEITO;DERRETIMENTO;ABATIMENTO;ADRIANO FALCAO SARMENTO
11/02/2025;79413;ATACADO DO THOR UTILIDADES LTDA;ES;VILA VELHA;123256;904706;AQUARELA BAZZE 12 CORES CJTO;48;3,76;180,58;;ISAMAR REPRESENTACOES COMERCIAIS LT;UNIDADE;DEFEITO;DERRETIMENTO;ABATIMENTO;ANDREIA AGUIAR GARCIA GASPARONI
03/02/2025;80932;CAMILO WISLEY ROCHA;CE;MARCO;134358;904706;AQUARELA BAZZE 12 CORES CJTO;2;;9,94;;PAUTA REPRESENTACOES LTDA;UNIDADE;DEFEITO;DERRETIMENTO;ABATIMENTO;ADRIANO FALCAO SARMENTO
03/02/2025;83891;EXCLUSIVA NORTH PRESENTES LTDA;PR;LONDRINA;146658;904706;AQUARELA BAZZE 12 CORES CJTO;6;4,67;28,03;;WAGNER GORZIZA DE SOUZA;UNIDADE;DEFEITO;DERRETIMENTO;SEM RETORNO;WAGNER GORZIZA DE SOUZA
03/02/2025;70986;BELLA ROSSI COSMETICOS E PRESENTESLTDA;PR;CURITIBA;129627;904706;AQUARELA BAZZE 12 CORES CJTO;17;4,56;77,52;;ETK REPRESENTACOES COMERCIAIS LTDA;UNIDADE;DEFEITO;DERRETIMENTO;ABATIMENTO;GABRIELA SOUZA DOS SANTOS
03/02/2025;76612;CASA MIX UTILIDADES DOMESTICAS BRINQUEDOS E PAPELARIA LTDA;PR;CURITIBA;123655;904706;AQUARELA BAZZE 12 CORES CJTO;4;4,54;18,15;;ETK REPRESENTACOES COMERCIAIS LTDA;UNIDADE;DEFEITO;DERRETIMENTO;ABATIMENTO;GABRIELA SOUZA DOS SANTOS
03/02/2025;29741;DISTRIBUIDORA SAO PEDRO LTDA;PR;CURITIBA;142429;904706;AQUARELA BAZZE 12 CORES CJTO;42;3,67;154,12;;ETK REPRESENTACOES COMERCIAIS LTDA;UNIDADE;DEFEITO;DERRETIMENTO;SEM RETORNO;GABRIELA SOUZA DOS SANTOS
11/02/2025;76901;M C AMORIM LTDA;MA;SAO LUIS;141735;904706;AQUARELA BAZZE 12 CORES CJTO;10;3,86;38,63;;MENDES REPRESENTACOES LTDA;UNIDADE;DEFEITO;DERRETIMENTO;ABATIMENTO;FABIANA DOS SANTOS CHAVES
10/02/2025;77485;RIO TURY FESTAS E EMBALAGENS LTDA;MA;SAO LUIS;141293;904706;AQUARELA BAZZE 12 CORES CJTO;36;3,86;139,05;;MENDES REPRESENTACOES LTDA;UNIDADE;DEFEITO;DERRETIMENTO;ABATIMENTO;FABIANA DOS SANTOS CHAVES
10/02/2025;77486;SABRINA FESTAS LTDA;MA;SAO LUIS;142349;904706;AQUARELA BAZZE 12 CORES CJTO;30;3,86;115,88;;MENDES REPRESENTACOES LTDA;UNIDADE;DEFEITO;DERRETIMENTO;ABATIMENTO;FABIANA DOS SANTOS CHAVES
14/02/2025;63273;ALECRIM DOURADO COMERCIO DE VARIEDADES LTDA ME;SC;JOINVILLE;141141;905093;CANETA GEL TRIS RAINBOW 1.0 DP 24UN;;;;;SABRI RIBEIRO REPRESENTACOES E COME;DISPLAY;DEFEITO;CANETAS COM VAZAMENTO;DEVOLUÇÃO;GABRIELA SOUZA DOS SANTOS
14/02/2025;63273;ALECRIM DOURADO COMERCIO DE VARIEDADES LTDA ME;SC;JOINVILLE;127109;904706;AQUARELA BAZZE 12 CORES CJTO;7;;;;SABRI RIBEIRO REPRESENTACOES E COME;UNIDADE;DEFEITO;DERRETIMENTO;DEVOLUÇÃO;GABRIELA SOUZA DOS SANTOS
14/02/2025;63273;ALECRIM DOURADO COMERCIO DE VARIEDADES LTDA ME;SC;JOINVILLE;101461;653273;CANETA GEL TRIS INKFINITY METAL PRA CX6;;;;;SABRI RIBEIRO REPRESENTACOES E COME;CAIXA;DEFEITO;FALHA NA ESCRITA;DEVOLUÇÃO;GABRIELA SOUZA DOS SANTOS
14/02/2025;63273;ALECRIM DOURADO COMERCIO DE VARIEDADES LTDA ME;SC;JOINVILLE;127109;901385;CANETA ESF BAZZE PRISMA 1.0 AZ CX 50UN;;;;;SABRI RIBEIRO REPRESENTACOES E COME;DISPLAY;DEFEITO;FALHA NA ESCRITA;DEVOLUÇÃO;GABRIELA SOUZA DOS SANTOS
25/02/2025;67354;MARINHO E TRAPP ARMARINHOS LTDA;SC;JOINVILLE;128938;904706;AQUARELA BAZZE 12 CORES CJTO;87;;;;SABRI RIBEIRO REPRESENTACOES E COME;UNIDADE;DEFEITO;DERRETIMENTO;DEVOLUÇÃO;GABRIELA SOUZA DOS SANTOS
28/02/2025;30394;TINA MODAS LTDA ME;SC;JOINVILLE;127861;904706;AQUARELA BAZZE 12 CORES CJTO;12;;;;SABRI RIBEIRO REPRESENTACOES E COME;UNIDADE;DEFEITO;DERRETIMENTO;ABATIMENTO;GABRIELA SOUZA DOS SANTOS
25/02/2025;32468;HOZANA MARIA TEIXEIRA MARQUES LIRA;PB;JOAO PESSOA;123206;904706;AQUARELA BAZZE 12 CORES CJTO;247;3,86;953,42;;A E G REPRESENTACOES LTDA;UNIDADE;DEFEITO;DERRETIMENTO;BONIFICAÇÃO;ADRIANO FALCAO SARMENTO
25/02/2025;32468;HOZANA MARIA TEIXEIRA MARQUES LIRA;PB;JOAO PESSOA;123206;686998;AQUARELA MEGA ACQUA COLOR 12 CORES EST;45;; -   ;;A E G REPRESENTACOES LTDA;UNIDADE;DEFEITO;MOFADA;BONIFICAÇÃO;ADRIANO FALCAO SARMENTO
18/02/2025;62902;JZ PAPELARIA LTDA ME;RS;SAPUCAIA DO SUL;;904706;AQUARELA BAZZE 12 CORES CJTO;24;;;;MAX BREUEL E CIA LTDA;UNIDADE;DEFEITO;DERRETIMENTO;ABATIMENTO;ANDREIA AGUIAR GARCIA GASPARONI
20/02/2025;80108;M M COMERCIO E SERVICOS LTDA;RS;CAXIAS DO SUL;;904706;AQUARELA BAZZE 12 CORES CJTO;27;4,38;118,26;;MAX BREUEL E CIA LTDA;UNIDADE;DEFEITO;DERRETIMENTO;ABATIMENTO;ANDREIA AGUIAR GARCIA GASPARONI
07/03/2025;80182;MADEIRA PAPELARIA COMERCIO E SERVICLTDA;RO;PORTO VELHO;127705;904706;AQUARELA BAZZE 12 CORES CJTO;28;4,98;139,38;;MERCI REPRESENTACOES COMERCIAIS LTD;UNIDADE;DEFEITO;DERRETIMENTO;DEVOLUÇÃO;ADRIANO FALCAO SARMENTO
31/03/2025;59243;SODRE DIAS COMERCIO DE BRINQUEDOS LME;BA;SALVADOR;147267;904706;AQUARELA BAZZE 12 CORES CJTO;34;4,78;162,58;;CRISTIANE RODEIRO SCHLEU;UNIDADE;DEFEITO;DERRETIMENTO;DEVOLUÇÃO;ANDREIA AGUIAR GARCIA GASPARONI
24/03/2025;71242;A2 VARIEDADES LTDA;BA;SALVADOR;125291;904706;AQUARELA BAZZE 12 CORES CJTO;25;4,71;117,75;;CRISTIANE RODEIRO SCHLEU;UNIDADE;DEFEITO;DERRETIMENTO;DEVOLUÇÃO;ANDREIA AGUIAR GARCIA GASPARONI
24/03/2025;29936;LIVRARIA E PAPELARIA MARIELLE LTDA;SC;TUBARAO;123231;904706;AQUARELA BAZZE 12 CORES CJTO;5;;;;SABRI RIBEIRO REPRESENTACOES E COME;UNIDADE;DEFEITO;DERRETIMENTO;ABATIMENTO;GABRIELA SOUZA DOS SANTOS
28/03/2025;62221;PINGUIM COMERCIO VAREJISTA LTDA ME;SE;ARACAJU;129995;904706;AQUARELA BAZZE 12 CORES CJTO;39;;;;W LIRA REPRESENTACOES EIRELI;UNIDADE;DEFEITO;DERRETIMENTO;DEVOLUÇÃO;ADRIANO FALCAO SARMENTO
06/03/2025;83538;EMBARE VARIEDADES LTDA;SP;SANTOS;145769;904706;AQUARELA BAZZE 12 CORES CJTO;12;4,78;57,36;;BRASILIA E SANTOS REP COM DE ARTIGO;UNIDADE;DEFEITO;DERRETIMENTO;ABATIMENTO;ADRIANO FALCAO SARMENTO
11/03/2025;72993;ACF PAPELARIA LTDA;RJ;NITEROI;126995;904706;AQUARELA BAZZE 12 CORES CJTO;12;4,49;53,88;;JJM REPRESENTACOES LTDA;UNIDADE;DEFEITO;DERRETIMENTO;ABATIMENTO;ANDREIA AGUIAR GARCIA GASPARONI
11/03/2025;72993;ACF PAPELARIA LTDA;RJ;NITEROI;126995;903938;GRAMP BAZZE B5309 25F PLAST COR DP 6UN;1;6,55;6,55;;JJM REPRESENTACOES LTDA;UNIDADE;DEFEITO;NÃO INFORMADO;ABATIMENTO;ANDREIA AGUIAR GARCIA GASPARONI
20/03/2025;29741;DISTRIBUIDORA SAO PEDRO LTDA;PR;CURITIBA;142429;904706;AQUARELA BAZZE 12 CORES CJTO;42;3,67;154,12;;ETK REPRESENTACOES COMERCIAIS LTDA;UNIDADE;DEFEITO;DERRETIMENTO;DEVOLUÇÃO;GABRIELA SOUZA DOS SANTOS
14/03/2025;75376;L C R NEVES PAPELARIA LTDA;PA;MARABA;139063;904706;AQUARELA BAZZE 12 CORES CJTO;43;5,28;227,04;;MAIRA BERILDA VIRGINIA FRANCO PINTO;UNIDADE;DEFEITO;DERRETIMENTO;SEM RETORNO;MAIRA BERILDA VIRGINIA FRANCO PINTO
24/04/2025;66327;SF COMERCIO DE UTILIDADES LTDA;SC;SAO FRANCISCO DO SUL;146589;904706;AQUARELA BAZZE 12 CORES CJTO;17;;;;SABRI RIBEIRO REPRESENTACOES E COME;UNIDADE;DEFEITO;DERRETIMENTO;ABATIMENTO;GABRIELA SOUZA DOS SANTOS
16/04/2025;66141;FESTINFAN COMERCIO VAREJISTA LTDA;CE;CAUCAIA;126548;904706;AQUARELA BAZZE 12 CORES CJTO;28;4,44;124,32;;PAUTA REPRESENTACOES LTDA;UNIDADE;DEFEITO;DERRETIMENTO;SEM RETORNO;ADRIANO FALCAO SARMENTO
29/04/2025;26991;COMERCIAL DE UTILIDADES DOMESTICASMATEPLAS;MS;PONTA PORA;119829;904065;CANETA ESF BAZZE WAVE 0.7 REGULAR PT24UN;1;0,7;0,7;;REALSI REPRESENTACOES LTDA;UNIDADE;DEFEITO;CANETAS SECAS;ABATIMENTO;ANDREIA AGUIAR GARCIA GASPARONI
29/04/2025;26991;COMERCIAL DE UTILIDADES DOMESTICASMATEPLAS;MS;PONTA PORA;122313;900043;CANETA ESF BAZZE DOBLE 1.0 AZ PTO PT24UN;1;0,99;0,99;;REALSI REPRESENTACOES LTDA;UNIDADE;DEFEITO;CANETAS SECAS;ABATIMENTO;ANDREIA AGUIAR GARCIA GASPARONI
29/04/2025;26991;COMERCIAL DE UTILIDADES DOMESTICASMATEPLAS;MS;PONTA PORA;122313;904560;CANETA ESF BAZZE DOBLE1.0 FASHION PT24UN;1;1,09;1,09;;REALSI REPRESENTACOES LTDA;UNIDADE;DEFEITO;CANETAS SECAS;ABATIMENTO;ANDREIA AGUIAR GARCIA GASPARONI
29/04/2025;26991;COMERCIAL DE UTILIDADES DOMESTICASMATEPLAS;MS;PONTA PORA;149806;904706;AQUARELA BAZZE 12 CORES CJTO;5;4,2;21;;REALSI REPRESENTACOES LTDA;UNIDADE;DEFEITO;DERRETIMENTO;ABATIMENTO;ANDREIA AGUIAR GARCIA GASPARONI
24/04/2025;79616;DOBRA PAPELARIA LTDA;SP;POMPEIA;130715;904706;AQUARELA BAZZE 12 CORES CJTO;4;;;;M I R REPRESENTACAO COMERCIAL EM AR;UNIDADE;DEFEITO;DERRETIMENTO;ABATIMENTO;FABIANA DOS SANTOS CHAVES
10/04/2025;72273;JC ARTIGOS DE PAPELARIA LTDA;DF;BRASILIA;142113;904706;AQUARELA BAZZE 12 CORES CJTO;74;4,26;315,34;;FUTURA COMERCIO DE INFORMATICA E RE;UNIDADE;DEFEITO;DERRETIMENTO;BONIFICAÇÃO;ADRIANO FALCAO SARMENTO
29/04/2025;27273;DINAMICA COMERCIO DE ARTIGOSDE PAPELARIA EIRELI;RO;PORTO VELHO;127438;904706;AQUARELA BAZZE 12 CORES CJTO;24;4,98;;;MERCI REPRESENTACOES COMERCIAIS LTD;UNIDADE;DEFEITO;DERRETIMENTO;DEVOLUÇÃO;ADRIANO FALCAO SARMENTO
29/04/2025;27273;DINAMICA COMERCIO DE ARTIGOSDE PAPELARIA EIRELI;RO;PORTO VELHO;147844;904706;AQUARELA BAZZE 12 CORES CJTO;23;4,98;;;MERCI REPRESENTACOES COMERCIAIS LTD;UNIDADE;DEFEITO;DERRETIMENTO;DEVOLUÇÃO;ADRIANO FALCAO SARMENTO
06/05/2025;33796;TEIXEIRA E CHAVES LTDA;MG;GOVERNADOR VALADARES;123228;904706;AQUARELA BAZZE 12 CORES CJTO;326;3,45;1.124,70;;GYZ AM COMERCIO E REPRES DE ARTIGOS;UNIDADE;DEFEITO;DERRETIMENTO;DEVOLUÇÃO;ANDREIA AGUIAR GARCIA GASPARONI
05/05/2025;59242;JYRAYA COMERCIO DE BRINQUEDOS LTDA;BA;SALVADOR;138757;904706;AQUARELA BAZZE 12 CORES CJTO;6;4,71;28,26;;CRISTIANE RODEIRO SCHLEU;UNIDADE;DEFEITO;DERRETIMENTO;DEVOLUÇÃO;ANDREIA AGUIAR GARCIA GASPARONI
14/05/2025;31078;LIVRARIA E PAPELARIA ARCO IRIS COMERCIO E REPRESENTACAO LTDA;PB;JOAO PESSOA;140401;904706;AQUARELA BAZZE 12 CORES CJTO;6;4,48;26,88;;A E G REPRESENTACOES LTDA;UNIDADE;DEFEITO;DERRETIMENTO;BONIFICAÇÃO;ADRIANO FALCAO SARMENTO
26/05/2025;70016;ROYAL NORTE EMPREENDIMENTOSCOMERCIA;MG;TAIOBEIRAS;128359;904706;AQUARELA BAZZE 12 CORES CJTO;10;4,97;49,7;;TALENT REPRESENTACOES LTDA;UNIDADE;DEFEITO;DERRETIMENTO;ABATIMENTO;ADRIANO FALCAO SARMENTO
24/05/2025;76912;ANA JULIA SOARES DE SOUSA MOTA;MG;JAIBA;138912;904706;AQUARELA BAZZE 12 CORES CJTO;9;4,97;44,73;;TALENT REPRESENTACOES LTDA;UNIDADE;DEFEITO;DERRETIMENTO;SEM RETORNO;ADRIANO FALCAO SARMENTO
23/05/2025;65204;L C VAZ DISTRIBUIDORA LTDA ME;MA;SAO LUIS;123213;904706;AQUARELA BAZZE 12 CORES CJTO;30;3,53;106,02;;MENDES REPRESENTACOES LTDA;UNIDADE;DEFEITO;DERRETIMENTO;ABATIMENTO;FABIANA DOS SANTOS CHAVES
22/05/2025;36084;DJANIRA PRESENTES LTDA;MA;SAO LUIS;130654;904706;AQUARELA BAZZE 12 CORES CJTO;10;4,49;44,85;;MENDES REPRESENTACOES LTDA;UNIDADE;DEFEITO;DERRETIMENTO;ABATIMENTO;FABIANA DOS SANTOS CHAVES
06/05/2025;32369;CAVALCANTE LAGES LTDA ME;AP;MACAPA;150124;904706;AQUARELA BAZZE 12 CORES CJTO;16;4,2;67,2;;H M G COMERCIO E REPRESENTACAO LTDA;UNIDADE;DEFEITO;DERRETIMENTO;ABATIMENTO;ADRIANO FALCAO SARMENTO
11/06/2025;74581;BAZAR BANDEIRANTES LTDA;MA;ACAILANDIA;150338;904706;AQUARELA BAZZE 12 CORES CJTO;96;;;;D B OLIVEIRA COMERCIO E REPRESENTAC;UNIDADE;DEFEITO;DERRETIMENTO;SEM RETORNO;ADRIANO FALCAO SARMENTO
23/06/2025;73861;HIPER DIFERENTE ATACADO DE VARIEDADES LTDA;SC;BALNEARIO CAMBORIU;146017;904706;AQUARELA BAZZE 12 CORES CJTO;55;;;;SABRI RIBEIRO REPRESENTACOES E COME;UNIDADE;DEFEITO;DERRETIMENTO;DEVOLUÇÃO;GABRIELA SOUZA DOS SANTOS
03/06/2025;66647;TOT PAPELARIA LTDA;RS;CACHOEIRINHA;102899;608037;COLA BASTAO BAZZE 10G SHRK 12UN;58;29;;;CLARISSA DIAS DE SOUZA;UNIDADE;DEFEITO;;ABATIMENTO;CLARISSA DIAS DE SOUZA
03/06/2025;66647;TOT PAPELARIA LTDA;RS;CACHOEIRINHA;102899;904706;AQUARELA BAZZE 12 CORES CJTO;6;25,32;;;CLARISSA DIAS DE SOUZA;UNIDADE;DEFEITO;;ABATIMENTO;CLARISSA DIAS DE SOUZA
03/06/2025;66647;TOT PAPELARIA LTDA;RS;CACHOEIRINHA;102899;905024;CANETA ESF TRIS ASTRO 1.0 10CORES DP12UN;1;9,75;;;CLARISSA DIAS DE SOUZA;UNIDADE;DEFEITO;;ABATIMENTO;CLARISSA DIAS DE SOUZA
03/06/2025;66647;TOT PAPELARIA LTDA;RS;CACHOEIRINHA;102899;653396;CANETA ESF BAZZE SIX PTO CX 50UN;17;5,61;;;CLARISSA DIAS DE SOUZA;UNIDADE;DEFEITO;;ABATIMENTO;CLARISSA DIAS DE SOUZA
03/06/2025;66647;TOT PAPELARIA LTDA;RS;CACHOEIRINHA;102899;904348;GRAMP MINI BAZZE B5101 C GRAMPO CART2PCS;1;5,47;;;CLARISSA DIAS DE SOUZA;UNIDADE;DEFEITO;;ABATIMENTO;CLARISSA DIAS DE SOUZA
03/06/2025;66647;TOT PAPELARIA LTDA;RS;CACHOEIRINHA;102899;903938;GRAMP BAZZE B5309 25F PLAST COR DP 6UN;1;6,47;;;CLARISSA DIAS DE SOUZA;UNIDADE;DEFEITO;;ABATIMENTO;CLARISSA DIAS DE SOUZA
03/06/2025;66647;TOT PAPELARIA LTDA;RS;CACHOEIRINHA;102899;681092;CANETA BORRACHA TRIS FIT CX DP 24 UN;1;3,54;;;CLARISSA DIAS DE SOUZA;UNIDADE;DEFEITO;;ABATIMENTO;CLARISSA DIAS DE SOUZA
03/06/2025;66647;TOT PAPELARIA LTDA;RS;CACHOEIRINHA;102899;690933;CANETA CORRETIVA 4ML PETIT 4COR DP 12UN;12;38,97;;;CLARISSA DIAS DE SOUZA;UNIDADE;DEFEITO;;ABATIMENTO;CLARISSA DIAS DE SOUZA
03/06/2025;66647;TOT PAPELARIA LTDA;RS;CACHOEIRINHA;102899;689180;MARCADOR METAL ARTOOLS PTADUPLA PRA AV;10;27,72;;;CLARISSA DIAS DE SOUZA;UNIDADE;DEFEITO;;ABATIMENTO;CLARISSA DIAS DE SOUZA
03/06/2025;66647;TOT PAPELARIA LTDA;RS;CACHOEIRINHA;102899;689982;MARCADOR METAL ARTOOLS PTADUPLA VM AV;3;6,17;;;CLARISSA DIAS DE SOUZA;UNIDADE;DEFEITO;;ABATIMENTO;CLARISSA DIAS DE SOUZA
03/06/2025;66647;TOT PAPELARIA LTDA;RS;CACHOEIRINHA;102899;689975;MARCADOR METAL ARTOOLS PTADUPLA VD AV;1;6,17;;;CLARISSA DIAS DE SOUZA;UNIDADE;DEFEITO;;ABATIMENTO;CLARISSA DIAS DE SOUZA
03/06/2025;66647;TOT PAPELARIA LTDA;RS;CACHOEIRINHA;102899;689951;MARCADOR METAL ARTOOLS PTADUPLA ROX AV;1;6,17;;;CLARISSA DIAS DE SOUZA;UNIDADE;DEFEITO;;ABATIMENTO;CLARISSA DIAS DE SOUZA
03/06/2025;66647;TOT PAPELARIA LTDA;RS;CACHOEIRINHA;102899;689173;MARCADOR METAL ARTOOLS PTADUPLA OUR AV;1;6,17;;;CLARISSA DIAS DE SOUZA;UNIDADE;DEFEITO;;ABATIMENTO;CLARISSA DIAS DE SOUZA
03/06/2025;66647;TOT PAPELARIA LTDA;RS;CACHOEIRINHA;102899;905093;CANETA GEL TRIS RAINBOW 1.0 DP 24UN;15;60;;;CLARISSA DIAS DE SOUZA;UNIDADE;DEFEITO;;ABATIMENTO;CLARISSA DIAS DE SOUZA
03/06/2025;66647;TOT PAPELARIA LTDA;RS;CACHOEIRINHA;102899;687001;GIZ RETRATIL NEW TWIST 12 COR CJTO;2;28,9;;;CLARISSA DIAS DE SOUZA;UNIDADE;DEFEITO;;ABATIMENTO;CLARISSA DIAS DE SOUZA
03/06/2025;36409;INFOPEL INFORMATICA PAPELARIA ELIVRDE IPIAU EIRELI EPP;BA;IPIAU;135738;904706;AQUARELA BAZZE 12 CORES CJTO;36;4,11;147,96;;CRISTIANE RODEIRO SCHLEU;UNIDADE;DEFEITO;DERRETIMENTO;ABATIMENTO;ANDREIA AGUIAR GARCIA GASPARONI
25/06/2025;81097;AZELIMA LTDA;ES;VILA VELHA;134231;904706;AQUARELA BAZZE 12 CORES CJTO;5;4,73;23,65;;ISAMAR REPRESENTACOES COMERCIAIS LT;UNIDADE;DEFEITO;DERRETIMENTO;ABATIMENTO;ANDREIA AGUIAR GARCIA GASPARONI
02/06/2025;30414;MEC TOCA COMERCIAL DISTRIBUIDORA LTDA;SP;RIBEIRAO PRETO;;611846;TESOURA ESC TRIS CLASS PAST DP 24UN;1;2,49;2,49;;G2 REPRESENTACOES COMERCIAIS LTDA;UNIDADE;DEFEITO;;BONIFICAÇÃO;GABRIELA SOUZA DOS SANTOS
02/06/2025;30414;MEC TOCA COMERCIAL DISTRIBUIDORA LTDA;SP;RIBEIRAO PRETO;;686998;AQUARELA MEGA ACQUA COLOR 12 CORES EST;17;9,48;161,16;;G2 REPRESENTACOES COMERCIAIS LTDA;UNIDADE;DEFEITO;;BONIFICAÇÃO;GABRIELA SOUZA DOS SANTOS
02/06/2025;30414;MEC TOCA COMERCIAL DISTRIBUIDORA LTDA;SP;RIBEIRAO PRETO;;683836;CARIMBO AUTOTINTADO FROZEN CX DP 12 UN;1;2;2;;G2 REPRESENTACOES COMERCIAIS LTDA;UNIDADE;DEFEITO;;BONIFICAÇÃO;GABRIELA SOUZA DOS SANTOS
02/06/2025;30414;MEC TOCA COMERCIAL DISTRIBUIDORA LTDA;SP;RIBEIRAO PRETO;;683744;HIDROCOR PT DUPLA MEGAHIDRO DUO24CORCJTO;1;17,62;17,62;;G2 REPRESENTACOES COMERCIAIS LTDA;UNIDADE;DEFEITO;;BONIFICAÇÃO;GABRIELA SOUZA DOS SANTOS
02/06/2025;30414;MEC TOCA COMERCIAL DISTRIBUIDORA LTDA;SP;RIBEIRAO PRETO;;683263;CANETA GEL TRIS INKFINITY METPAST DP50UN;17;2,39;40,63;;G2 REPRESENTACOES COMERCIAIS LTDA;UNIDADE;DEFEITO;;BONIFICAÇÃO;GABRIELA SOUZA DOS SANTOS
02/06/2025;30414;MEC TOCA COMERCIAL DISTRIBUIDORA LTDA;SP;RIBEIRAO PRETO;;677347;GRAMPEADOR 26 6 T405 POP 15F PLAST DP6UN;2;9,98;19,96;;G2 REPRESENTACOES COMERCIAIS LTDA;UNIDADE;DEFEITO;;BONIFICAÇÃO;GABRIELA SOUZA DOS SANTOS
02/06/2025;30414;MEC TOCA COMERCIAL DISTRIBUIDORA LTDA;SP;RIBEIRAO PRETO;;687575;GRAMPEADOR MINI 26 6 T318 POP 12F DP12UN;2;7,76;15,52;;G2 REPRESENTACOES COMERCIAIS LTDA;UNIDADE;DEFEITO;;BONIFICAÇÃO;GABRIELA SOUZA DOS SANTOS
02/06/2025;30414;MEC TOCA COMERCIAL DISTRIBUIDORA LTDA;SP;RIBEIRAO PRETO;;677354;GRAMPEADOR 26 6 T317 POP12F PLAST DP12UN;1;7,76;7,76;;G2 REPRESENTACOES COMERCIAIS LTDA;UNIDADE;DEFEITO;;BONIFICAÇÃO;GABRIELA SOUZA DOS SANTOS
02/06/2025;30414;MEC TOCA COMERCIAL DISTRIBUIDORA LTDA;SP;RIBEIRAO PRETO;;632759;GIZ RETR TRIS MEGA GEL PAST 6COR CJTO;1;18,95;18,95;;G2 REPRESENTACOES COMERCIAIS LTDA;UNIDADE;DEFEITO;;BONIFICAÇÃO;GABRIELA SOUZA DOS SANTOS
02/06/2025;30414;MEC TOCA COMERCIAL DISTRIBUIDORA LTDA;SP;RIBEIRAO PRETO;;613031;GRAMP BAZZE B5315 50F METAL UN;1;16,63;16,63;;G2 REPRESENTACOES COMERCIAIS LTDA;UNIDADE;DEFEITO;;BONIFICAÇÃO;GABRIELA SOUZA DOS SANTOS
02/06/2025;30414;MEC TOCA COMERCIAL DISTRIBUIDORA LTDA;SP;RIBEIRAO PRETO;;614274;MARCADOR QDO BCO BAZZE PTO CX 12UN;15;1,03;15,45;;G2 REPRESENTACOES COMERCIAIS LTDA;UNIDADE;DEFEITO;;BONIFICAÇÃO;GABRIELA SOUZA DOS SANTOS
02/06/2025;30414;MEC TOCA COMERCIAL DISTRIBUIDORA LTDA;SP;RIBEIRAO PRETO;;618647;CALCULADORA MESA BAZZE B3562 CX 1UN;1;11,3;11,3;;G2 REPRESENTACOES COMERCIAIS LTDA;UNIDADE;DEFEITO;;BONIFICAÇÃO;GABRIELA SOUZA DOS SANTOS
02/06/2025;30414;MEC TOCA COMERCIAL DISTRIBUIDORA LTDA;SP;RIBEIRAO PRETO;;901248;GRAMPEADOR TRIS HOLIC MINERAL CX 1UN;2;12,3;24,6;;G2 REPRESENTACOES COMERCIAIS LTDA;UNIDADE;DEFEITO;;BONIFICAÇÃO;GABRIELA SOUZA DOS SANTOS
02/06/2025;30414;MEC TOCA COMERCIAL DISTRIBUIDORA LTDA;SP;RIBEIRAO PRETO;;686936;GIZ RETRATIL MEGA GEL COLOR 12 COR CJTO;1;31,92;31,92;;G2 REPRESENTACOES COMERCIAIS LTDA;UNIDADE;DEFEITO;;BONIFICAÇÃO;GABRIELA SOUZA DOS SANTOS
02/06/2025;30414;MEC TOCA COMERCIAL DISTRIBUIDORA LTDA;SP;RIBEIRAO PRETO;;614328;MARCADOR CD DVD E RETRO BAZZE PTO CX12UN;6;0,83;4,98;;G2 REPRESENTACOES COMERCIAIS LTDA;UNIDADE;DEFEITO;;BONIFICAÇÃO;GABRIELA SOUZA DOS SANTOS
02/06/2025;30414;MEC TOCA COMERCIAL DISTRIBUIDORA LTDA;SP;RIBEIRAO PRETO;;902597;LAPISEIRA TRIS HOLIC GUMMY 0.7MM DP24UN;1;2,41;2,41;;G2 REPRESENTACOES COMERCIAIS LTDA;UNIDADE;DEFEITO;;BONIFICAÇÃO;GABRIELA SOUZA DOS SANTOS
02/06/2025;30414;MEC TOCA COMERCIAL DISTRIBUIDORA LTDA;SP;RIBEIRAO PRETO;;614335;MARCADOR CD DVD E RETRO BAZZE AZ CX12UN;5;0,83;4,15;;G2 REPRESENTACOES COMERCIAIS LTDA;UNIDADE;DEFEITO;;BONIFICAÇÃO;GABRIELA SOUZA DOS SANTOS
02/06/2025;30414;MEC TOCA COMERCIAL DISTRIBUIDORA LTDA;SP;RIBEIRAO PRETO;;614281;MARCADOR QDO BCO BAZZE VM CX 12UN;1;1,03;1,03;;G2 REPRESENTACOES COMERCIAIS LTDA;UNIDADE;DEFEITO;;BONIFICAÇÃO;GABRIELA SOUZA DOS SANTOS
02/06/2025;30414;MEC TOCA COMERCIAL DISTRIBUIDORA LTDA;SP;RIBEIRAO PRETO;;900890;CANETA TRIS HOLIC 8 COR 0.7MM DP 24UN;1;7,48;7,48;;G2 REPRESENTACOES COMERCIAIS LTDA;UNIDADE;DEFEITO;;BONIFICAÇÃO;GABRIELA SOUZA DOS SANTOS
02/06/2025;30414;MEC TOCA COMERCIAL DISTRIBUIDORA LTDA;SP;RIBEIRAO PRETO;;683706;HIDROCOR PF MEGA HIDROCOLOR 24 COR CJTO;1;11,69;11,69;;G2 REPRESENTACOES COMERCIAIS LTDA;UNIDADE;DEFEITO;;BONIFICAÇÃO;GABRIELA SOUZA DOS SANTOS
02/06/2025;30414;MEC TOCA COMERCIAL DISTRIBUIDORA LTDA;SP;RIBEIRAO PRETO;;686455;GIZ LIQUIDO TRIS POP OFFICE 5 CORES CJTO;9;29,91;269,19;;G2 REPRESENTACOES COMERCIAIS LTDA;UNIDADE;DEFEITO;;BONIFICAÇÃO;GABRIELA SOUZA DOS SANTOS
02/06/2025;30414;MEC TOCA COMERCIAL DISTRIBUIDORA LTDA;SP;RIBEIRAO PRETO;;613031;GRAMP BAZZE B5315 50F METAL UN;1;17,46;17,46;;G2 REPRESENTACOES COMERCIAIS LTDA;UNIDADE;DEFEITO;;BONIFICAÇÃO;GABRIELA SOUZA DOS SANTOS
02/06/2025;30414;MEC TOCA COMERCIAL DISTRIBUIDORA LTDA;SP;RIBEIRAO PRETO;;614014;MARCADOR PERM BAZZE PTO CX 12UN;3;0,89;2,67;;G2 REPRESENTACOES COMERCIAIS LTDA;UNIDADE;DEFEITO;;BONIFICAÇÃO;GABRIELA SOUZA DOS SANTOS
02/06/2025;30414;MEC TOCA COMERCIAL DISTRIBUIDORA LTDA;SP;RIBEIRAO PRETO;;613017;GRAMP BAZZE B5945G 30F METAL UN;1;8,12;8,12;;G2 REPRESENTACOES COMERCIAIS LTDA;UNIDADE;DEFEITO;;BONIFICAÇÃO;GABRIELA SOUZA DOS SANTOS
02/06/2025;30414;MEC TOCA COMERCIAL DISTRIBUIDORA LTDA;SP;RIBEIRAO PRETO;;906977;CARIMBO AUTO TRIS WOW! DP 24UN;1;1,5;1,5;;G2 REPRESENTACOES COMERCIAIS LTDA;UNIDADE;DEFEITO;;BONIFICAÇÃO;GABRIELA SOUZA DOS SANTOS
02/06/2025;30414;MEC TOCA COMERCIAL DISTRIBUIDORA LTDA;SP;RIBEIRAO PRETO;;905093;CANETA GEL TRIS RAINBOW 1.0 DP 24UN;4;3,33;13,32;;G2 REPRESENTACOES COMERCIAIS LTDA;UNIDADE;DEFEITO;;BONIFICAÇÃO;GABRIELA SOUZA DOS SANTOS
02/06/2025;30414;MEC TOCA COMERCIAL DISTRIBUIDORA LTDA;SP;RIBEIRAO PRETO;;619972;TESOURA ESC LEFTY CANHOTO 13CM CART 1 UN;1;3,79;3,79;;G2 REPRESENTACOES COMERCIAIS LTDA;UNIDADE;DEFEITO;;BONIFICAÇÃO;GABRIELA SOUZA DOS SANTOS
02/06/2025;30414;MEC TOCA COMERCIAL DISTRIBUIDORA LTDA;SP;RIBEIRAO PRETO;;904706;AQUARELA BAZZE 12 CORES CJTO;1;3,99;3,99;;G2 REPRESENTACOES COMERCIAIS LTDA;UNIDADE;DEFEITO;;BONIFICAÇÃO;GABRIELA SOUZA DOS SANTOS
02/06/2025;30414;MEC TOCA COMERCIAL DISTRIBUIDORA LTDA;SP;RIBEIRAO PRETO;;904072;CANETA ESF BAZZE WAVE 0.7 REGULR CART3UN;1;2,33;2,33;;G2 REPRESENTACOES COMERCIAIS LTDA;UNIDADE;DEFEITO;;BONIFICAÇÃO;GABRIELA SOUZA DOS SANTOS
02/06/2025;30414;MEC TOCA COMERCIAL DISTRIBUIDORA LTDA;SP;RIBEIRAO PRETO;;902917;LAPIS GRAF BAZZE HB SEXT REC CX144UN;4;0,14;0,56;;G2 REPRESENTACOES COMERCIAIS LTDA;UNIDADE;DEFEITO;;BONIFICAÇÃO;GABRIELA SOUZA DOS SANTOS
02/06/2025;30414;MEC TOCA COMERCIAL DISTRIBUIDORA LTDA;SP;RIBEIRAO PRETO;;901972;CANETA GEL APG TRIS HOLIC MI-AU DP24UN;1;6,65;6,65;;G2 REPRESENTACOES COMERCIAIS LTDA;UNIDADE;DEFEITO;;BONIFICAÇÃO;GABRIELA SOUZA DOS SANTOS
02/06/2025;30414;MEC TOCA COMERCIAL DISTRIBUIDORA LTDA;SP;RIBEIRAO PRETO;;902122;LAPIS COR BAZZE WAVE SEXT REC 12COR CJTO;1;1,92;1,92;;G2 REPRESENTACOES COMERCIAIS LTDA;UNIDADE;DEFEITO;;BONIFICAÇÃO;GABRIELA SOUZA DOS SANTOS
27/06/2025;65619;PAULO ASSIS CABRAL E CIA LTDA;RS;XANGRI-LA;125726;904706;AQUARELA BAZZE 12 CORES CJTO;14;5,34;74,76;;MAX BREUEL E CIA LTDA;UNIDADE;DEFEITO;DERRETIMENTO;BONIFICAÇÃO;ANDREIA AGUIAR GARCIA GASPARONI
04/07/2025;77485;RIO TURY FESTAS E EMBALAGENS LTDA;MA;SAO LUIS;141293;905093;CANETA GEL TRIS RAINBOW 1.0 DP 24UN;22;3,38;74,38;;MENDES REPRESENTACOES LTDA;UNIDADE;DEFEITO;CANETA COM VAZAMENTO;ABATIMENTO;FABIANA DOS SANTOS CHAVES
06/07/2025;61635;DIGIPAPERCOMERCIAL E EVENTOS EIRELIME;CE;PARAIPABA;;904706;AQUARELA BAZZE 12 CORES CJTO;11;4,88;53,68;;PAUTA REPRESENTACOES LTDA;UNIDADE;DEFEITO;DERRETIMENTO;ABATIMENTO;ADRIANO FALCAO SARMENTO
08/07/2025;72432;AKAI KB MAGAZINE E COSMETICOS LTDA;SP;SAO VICENTE;140268;904706;AQUARELA BAZZE 12 CORES CJTO;24;4,78;114,72;;BRASILIA E SANTOS REP COM DE ARTIGO;UNIDADE;DEFEITO;DERRETIMENTO;DEVOLUÇÃO;ADRIANO FALCAO SARMENTO
08/07/2025;72955;AGM CONSULTORIAS EMPRESARIAIS E REPRESENTACOES LTDA;RJ;SAO GONCALO;139126;905093;CANETA GEL TRIS RAINBOW 1.0 DP 24UN;1;77,3;77,3;;JJM REPRESENTACOES LTDA;DISPLAY;DEFEITO;CANETA COM VAZAMENTO;ABATIMENTO;ANDREIA AGUIAR GARCIA GASPARONI
03/07/2025;75905;M I M CARVALHO;MA;SAO LUIS;150463;905093;CANETA GEL TRIS RAINBOW 1.0 DP 24UN;24;4,34;104,08;;MENDES REPRESENTACOES LTDA;DISPLAY;DEFEITO;CANETA COM VAZAMENTO;ABATIMENTO;FABIANA DOS SANTOS CHAVES
11/07/2025;64388;KOSAS COMERCIO DE MATERIAIS DE ESCE PAP LTDA ME;SC;ITAPEMA;154292;904706;AQUARELA BAZZE 12 CORES CJTO;6;4,86;29,17;;SABRI RIBEIRO REPRESENTACOES E COME;UNIDADE;DEFEITO;DERRETIMENTO;ABATIMENTO;GABRIELA SOUZA DOS SANTOS
07/07/2025;33831;DAIARA COMERCIO DE MATERIAIS ARTISTICOS LTDA;PR;CURITIBA;152681;683386;CANETA GEL TRIS INKFINITY PASTEL CART3UN;12;9,05;108,6;;ETK REPRESENTACOES COMERCIAIS LTDA;CARTELA;DEFEITO;PONTAS SECAS;ABATIMENTO;GABRIELA SOUZA DOS SANTOS
24/07/2025;30005;XANDRELA PAP E ANTIGUIDADES LTDA ME;PR;ARAUCARIA;127147;904706;AQUARELA BAZZE 12 CORES CJTO;2;4,44;8,88;;ETK REPRESENTACOES COMERCIAIS LTDA;UNIDADE;DEFEITO;DERRETIMENTO;ABATIMENTO;GABRIELA SOUZA DOS SANTOS
24/07/2025;30005;XANDRELA PAP E ANTIGUIDADES LTDA ME;PR;ARAUCARIA;121208;600772;PERF BAZZE 1 FURO 8F METAL UN;1;4,36;4,36;;ETK REPRESENTACOES COMERCIAIS LTDA;UNIDADE;DEFEITO;NÃO INFORMADO;ABATIMENTO;GABRIELA SOUZA DOS SANTOS
01/07/2025;61635;DIGIPAPERCOMERCIAL E EVENTOS EIRELIME;CE;PARAIPABA;;904706;AQUARELA BAZZE 12 CORES CJTO;11;4,88;53,68;;PAUTA REPRESENTACOES LTDA;;;;;ADRIANO FALCAO SARMENTO
09/07/2025;31902;BRUNO TERTULINO TAVEIRA;PB;CAMPINA GRANDE;123845;904706;AQUARELA BAZZE 12 CORES CJTO;27;4,11;110,97;;A E G REPRESENTACOES LTDA;UNIDADE;DEFEITO;DERRETIMENTO;ABATIMENTO;ADRIANO FALCAO SARMENTO
16/07/2025;70643;JANAINA DE LIMA KELLER;RS;SANTA MARIA;155051;904706;AQUARELA BAZZE 12 CORES CJTO;6;5,01;30,1;;MAX BREUEL E CIA LTDA;UNIDADE;DEFEITO;DERRETIMENTO;ABATIMENTO;ANDREIA AGUIAR GARCIA GASPARONI
16/07/2025;70643;JANAINA DE LIMA KELLER;RS;SANTA MARIA;155051;618623;CALCULADORA BOLSO BAZZE B3401 CX 1UN;1;5,62;5,62;;MAX BREUEL E CIA LTDA;UNIDADE;DEFEITO;PROBLEMA NO VISOR;ABATIMENTO;ANDREIA AGUIAR GARCIA GASPARONI
01/07/2025;70549;OBRA-PRIMA ART TELAS E MATERIAIS PAARTES PLASTICAS LTDA;RS;PORTO ALEGRE;154617;908995;GRAMP TAP BAZZE B9001 METAL CART2PCS;1;34,2;34,2;;MAX BREUEL E CIA LTDA;UNIDADE;DEFEITO;FALTA DE PEÇAS NO PRODUTO;ABATIMENTO;ANDREIA AGUIAR GARCIA GASPARONI
01/07/2025;69328;N T N CARRANI;ES;GUARAPARI;123878;627076;MARCA TEXTO TRIS FLASH 4 CORES EST;58;5,14;298,12;;ISAMAR REPRESENTACOES COMERCIAIS LT;UNIDADE;DEFEITO;DEFEITO;DEVOLUÇÃO;ANDREIA AGUIAR GARCIA GASPARONI
02/07/2025;31264;MARIA APARECIDA MARIANO BRICKS;SP;SAO SEBASTIAO;;905093;CANETA GEL TRIS RAINBOW 1.0 DP 24UN;19;; -   ;;REPRESENTACOES J C LEMOS LTDA;UNIDADE;DEFEITO;CANETA COM VAZAMENTO;ABATIMENTO;FABIANA DOS SANTOS CHAVES
02/07/2025;34886;LIVRARIA BRASIL ESCOLAR EIRELI;PE;JABOATAO DOS GUARARAPES;90854;903181;GRAMPEADOR MINI TRIS HOLIC PETIT DP 12UN;1;102,96;102,96;;MIGUEL TRAJANO REPRESENTACOES LTDA;UNIDADE;DEFEITO;DEFEITO;ABATIMENTO;ADRIANO FALCAO SARMENTO
01/07/2025;72432;AKAI KB MAGAZINE E COSMETICOS LTDA;SP;SAO VICENTE;140268;904706;AQUARELA BAZZE 12 CORES CJTO;24;4,78;114,72;;BRASILIA E SANTOS REP COM DE ARTIGO;;;;;ADRIANO FALCAO SARMENTO
01/07/2025;72142;FRANCISCO LEANDRO CARDOSO DECARVALHO;CE;GRANJA;142600;904706;AQUARELA BAZZE 12 CORES CJTO;3;4,73;14,19;;CLARISSA DIAS DE SOUZA;;;;;CLARISSA DIAS DE SOUZA
08/07/2025;78292;PEDRO PAULO NUNES MASSENA E CIA LTDA;RS;CHARQUEADAS;146554;904706;AQUARELA BAZZE 12 CORES CJTO;29;4,67;135,5;;WAGNER GORZIZA DE SOUZA;UNIDADE;DEFEITO;DERRETIMENTO;SEM RETORNO;WAGNER GORZIZA DE SOUZA
01/10/2025;61364;EXPANSAO PAPELARIA E PRESENTES LTDA;PR;CURITIBA;164028;912930;APLICADOR ADESIVO TRIS TOY CART 1UN;2;22,2;44,4;;ETK REPRESENTACOES COMERCIAIS LTDA;CARTELA;DEFEITO;FALTA INTERNA DO REFIL;SEM RETORNO;GABRIELA SOUZA DOS SANTOS
02/10/2025;65528;BARBARA FERNANDA DOS SANTOS PAPELARIA ME;PE;CABO DE SANTO AGOSTINHO;160801;900890;CANETA TRIS HOLIC 8 COR 0.7MM DP 24UN;15;11,85;177,75;;MIGUEL TRAJANO REPRESENTACOES LTDA;UNIDADE;DEFEITO;DEFEITO;ABATIMENTO;ADRIANO FALCAO SARMENTO
04/10/2025;71341;NEW OFFICE COMERCIO DE PAPEL E DISTRIBUICAO LTDA;RS;NOVO HAMBURGO;126444;618630;CALCULADORA MESA BAZZE B3440 CX 1UN;7;20,53;143,74;4500117234;MAX BREUEL E CIA LTDA;UNIDADE;DEFEITO;PLACA METALICA SOLTANDO;BONIFICAÇÃO;ANDREIA AGUIAR GARCIA GASPARONI
04/10/2025;71341;NEW OFFICE COMERCIO DE PAPEL E DISTRIBUICAO LTDA;RS;NOVO HAMBURGO;126444;618647;CALCULADORA MESA BAZZE B3562 CX 1UN;1;12,69;12,69;4500117234;MAX BREUEL E CIA LTDA;UNIDADE;DEFEITO;NÚMERO 4 NÃO FUNCIONANDO;BONIFICAÇÃO;ANDREIA AGUIAR GARCIA GASPARONI
04/10/2025;71341;NEW OFFICE COMERCIO DE PAPEL E DISTRIBUICAO LTDA;RS;NOVO HAMBURGO;126444;906359;CALCULADORA MESA BAZZE B3420 CX 1UN;1;19,65;19,65;4500117234;MAX BREUEL E CIA LTDA;UNIDADE;DEFEITO;VISOR COM QUEBRADO;BONIFICAÇÃO;ANDREIA AGUIAR GARCIA GASPARONI
04/10/2025;31154;S L C FLORIANO;RS;PORTO ALEGRE;146287;904706;AQUARELA BAZZE 12 CORES CJTO;9;4,74;42,66;;MAX BREUEL E CIA LTDA;UNIDADE;DEFEITO;DERRETIMENTO;BONIFICAÇÃO;ANDREIA AGUIAR GARCIA GASPARONI
04/10/2025;31154;S L C FLORIANO;RS;PORTO ALEGRE;146287;905093;CANETA GEL TRIS RAINBOW 1.0 DP 24UN;1;94,76;94,76;;MAX BREUEL E CIA LTDA;DISPLAY;DEFEITO;CANETA COM VAZAMENTO;BONIFICAÇÃO;ANDREIA AGUIAR GARCIA GASPARONI
07/10/2025;64495;COMERCIAL GOULARTI LTDA;ES;VARGEM ALTA;124959;907325;COLA BRANCA TRIS FIX SPREAD 40G AV;48;1,05;50,4;;ISAMAR REPRESENTACOES COMERCIAIS LT;UNIDADE;DEFEITO;COLA COM AGUA;SEM RETORNO;ANDREIA AGUIAR GARCIA GASPARONI
07/10/2025;31961;SUELI KILPP ME;RS;NAO-ME-TOQUE;151476;904706;AQUARELA BAZZE 12 CORES CJTO;87;4,26;370,62;;MAX BREUEL E CIA LTDA;UNIDADE;DEFEITO;DERRETIMENTO;SEM RETORNO;ANDREIA AGUIAR GARCIA GASPARONI
24/07/2025;74142;D F DA ROCHA LTDA;RS;PORTO ALEGRE;142600;904706;AQUARELA BAZZE 12 CORES CJTO;3;4,73;;;MAX BREUEL E CIA LTDA;UNIDADE;DEFEITO;DERRETIMENTO;SEM RETORNO;ANDREIA AGUIAR GARCIA GASPARONI
